--
-- PostgreSQL database dump
--

-- Dumped from database version 17.6 (Debian 17.6-2.pgdg13+1)
-- Dumped by pg_dump version 17.4 (Homebrew)

SET statement_timeout = 0;
SET lock_timeout = 0;
SET idle_in_transaction_session_timeout = 0;
SET transaction_timeout = 0;
SET client_encoding = 'UTF8';
SET standard_conforming_strings = on;
SELECT pg_catalog.set_config('search_path', '', false);
SET check_function_bodies = false;
SET xmloption = content;
SET client_min_messages = warning;
SET row_security = off;

SET default_tablespace = '';

SET default_table_access_method = heap;

--
-- Name: album; Type: TABLE; Schema: public; Owner: postgres
--

CREATE TABLE public.album (
    archived boolean NOT NULL,
    release_year integer NOT NULL,
    artist_id bigint NOT NULL,
    id bigint NOT NULL,
    name character varying(255)
);


ALTER TABLE public.album OWNER TO postgres;

--
-- Name: album_id_seq; Type: SEQUENCE; Schema: public; Owner: postgres
--

ALTER TABLE public.album ALTER COLUMN id ADD GENERATED BY DEFAULT AS IDENTITY (
    SEQUENCE NAME public.album_id_seq
    START WITH 1
    INCREMENT BY 1
    NO MINVALUE
    NO MAXVALUE
    CACHE 1
);


--
-- Name: artist; Type: TABLE; Schema: public; Owner: postgres
--

CREATE TABLE public.artist (
    archived boolean NOT NULL,
    id bigint NOT NULL,
    description character varying(255),
    name character varying(255)
);


ALTER TABLE public.artist OWNER TO postgres;

--
-- Name: artist_id_seq; Type: SEQUENCE; Schema: public; Owner: postgres
--

ALTER TABLE public.artist ALTER COLUMN id ADD GENERATED BY DEFAULT AS IDENTITY (
    SEQUENCE NAME public.artist_id_seq
    START WITH 1
    INCREMENT BY 1
    NO MINVALUE
    NO MAXVALUE
    CACHE 1
);


--
-- Name: song; Type: TABLE; Schema: public; Owner: postgres
--

CREATE TABLE public.song (
    archived boolean NOT NULL,
    duration_seconds integer NOT NULL,
    track_number integer NOT NULL,
    album_id bigint NOT NULL,
    id bigint NOT NULL,
    title character varying(255) NOT NULL
);


ALTER TABLE public.song OWNER TO postgres;

--
-- Name: song_id_seq; Type: SEQUENCE; Schema: public; Owner: postgres
--

ALTER TABLE public.song ALTER COLUMN id ADD GENERATED BY DEFAULT AS IDENTITY (
    SEQUENCE NAME public.song_id_seq
    START WITH 1
    INCREMENT BY 1
    NO MINVALUE
    NO MAXVALUE
    CACHE 1
);


--
-- Data for Name: album; Type: TABLE DATA; Schema: public; Owner: postgres
--

COPY public.album (archived, release_year, artist_id, id, name) FROM stdin;
f	2016	1	1	Nonagon Infinity
f	2019	1	2	Infest The Rats' Nest
f	2002	2	3	Highly Refined Pirates
f	2005	2	4	Menos el Oso
f	2001	3	5	Toxicity
f	2005	3	6	Mezmerize
f	1974	4	7	Autobahn
f	1977	4	8	Trans Europa Express
\.


--
-- Data for Name: artist; Type: TABLE DATA; Schema: public; Owner: postgres
--

COPY public.artist (archived, id, description, name) FROM stdin;
f	1	Australian psychedelic rock band formed in 2010 in Melbourne, Victoria, known for their prolific output and genre-hopping style.	King Gizzard & the Lizard Wizard
f	2	American indie rock band formed in Seattle, Washington in 2001, known for their intricate guitar work and math rock influences.	Minus The Bear
f	3	Armenian-American heavy metal band formed in Glendale, California, in 1994.	System Of A Down
f	4	German electronic band formed in Düsseldorf in 1970 by Ralf Hütter and Florian Schneider.	Kraftwerk
\.


--
-- Data for Name: song; Type: TABLE DATA; Schema: public; Owner: postgres
--

COPY public.song (archived, duration_seconds, track_number, album_id, id, title) FROM stdin;
f	322	1	1	1	Robot Stop
f	208	2	1	2	Big Fig Wasp
f	238	3	1	3	Gamma Knife
f	186	4	1	4	People-Vultures
f	247	5	1	5	Mr. Beat
f	437	6	1	6	Evil Death Roll
f	226	7	1	7	Invisible Face
f	257	8	1	8	Wah Wah
f	441	9	1	9	Road Train
f	210	1	2	10	Planet B
f	268	2	2	11	Mars For The Rich
f	275	3	2	12	Organ Farmer
f	264	4	2	13	Superbug
f	199	5	2	14	Venusian 1
f	309	6	2	15	Perihelion
f	209	7	2	16	Venusian 2
f	260	8	2	17	Self-Immolate
f	375	9	2	18	Hell
f	215	1	3	19	Thanks For The Killer Game Of Crisco Twister
f	212	2	3	20	Monkey!!! Knife!!! Fight!!!
f	324	3	3	21	Absinthe Party At The Fly Honey Warehouse
f	34	4	3	22	Hey, Wanna Throw Up?
f	249	5	3	23	Get Me Naked 2: Electric Boogaloo
f	182	6	3	24	We Are Not A Football Team
f	70	7	3	25	You Kill Bugs Good, Man
f	183	8	3	26	Spritz!!! Spritz!!!
f	244	9	3	27	Women We Haven't Met Yet
f	47	10	3	28	Damn Bugs Whacked Him, Johnny
f	294	11	3	29	I Lost All My Money At The Cock Fights
f	129	12	3	30	Andy Wolff
f	312	13	3	31	Let's Play Guitar In A Five Guitar Band
f	50	14	3	32	Booyah Achieved
f	195	1	4	33	The Game Needed Me
f	221	2	4	34	Memphis & 53rd
f	303	3	4	35	Drilling
f	212	4	4	36	The Fix
f	296	5	4	37	El Torrente
f	215	6	4	38	Pachuca Sunrise
f	216	7	4	39	Michio's Death Drive
f	257	8	4	40	Hooray
f	204	9	4	41	Fulfill the Dream
f	278	10	4	42	The Pig War
f	292	11	4	43	This Ain't A Surfin' Movie
f	201	1	5	44	Prison Song
f	193	2	5	45	Needles
f	175	3	5	46	Deer Dance
f	126	4	5	47	Jet Pilot
f	118	5	5	48	X
f	210	6	5	49	Chop Suey!
f	114	7	5	50	Bounce
f	240	8	5	51	Forest
f	176	9	5	52	ATWA
f	163	10	5	53	Science
f	111	11	5	54	Shimmy
f	218	12	5	55	Toxicity
f	225	13	5	56	Psycho
f	234	14	5	57	Aerials
f	63	1	6	58	Soldier Side - Intro
f	255	2	6	59	B.Y.O.B.
f	230	3	6	60	Revenga
f	131	4	6	61	Cigaro
f	249	5	6	62	Radio/Video
f	128	6	6	63	This Cocaine Makes Me Feel Like I'm on This Song
f	211	7	6	64	Violent Pornography
f	200	8	6	65	Question!
f	205	9	6	66	Sad Statue
f	176	10	6	67	Old School Hollywood
f	320	11	6	68	Lost in Hollywood
f	1362	1	7	69	Autobahn
f	380	2	7	70	Kometenmelodie 1
f	345	3	7	71	Kometenmelodie 2
f	220	4	7	72	Mitternacht
f	240	5	7	73	Morgenspaziergang
f	581	1	8	74	Europe Endless
f	476	2	8	75	The Hall of Mirrors
f	377	3	8	76	Showroom Dummies
f	396	4	8	77	Trans-Europe Express
f	130	5	8	78	Metal on Metal
f	293	6	8	79	Abzug
f	266	7	8	80	Franz Schubert
f	47	8	8	81	Endless Endless
\.


--
-- Name: album_id_seq; Type: SEQUENCE SET; Schema: public; Owner: postgres
--

SELECT pg_catalog.setval('public.album_id_seq', 8, true);


--
-- Name: artist_id_seq; Type: SEQUENCE SET; Schema: public; Owner: postgres
--

SELECT pg_catalog.setval('public.artist_id_seq', 4, true);


--
-- Name: song_id_seq; Type: SEQUENCE SET; Schema: public; Owner: postgres
--

SELECT pg_catalog.setval('public.song_id_seq', 81, true);


--
-- Name: album album_pkey; Type: CONSTRAINT; Schema: public; Owner: postgres
--

ALTER TABLE ONLY public.album
    ADD CONSTRAINT album_pkey PRIMARY KEY (id);


--
-- Name: artist artist_pkey; Type: CONSTRAINT; Schema: public; Owner: postgres
--

ALTER TABLE ONLY public.artist
    ADD CONSTRAINT artist_pkey PRIMARY KEY (id);


--
-- Name: song song_pkey; Type: CONSTRAINT; Schema: public; Owner: postgres
--

ALTER TABLE ONLY public.song
    ADD CONSTRAINT song_pkey PRIMARY KEY (id);


--
-- Name: album fkmwc4fyyxb6tfi0qba26gcf8s1; Type: FK CONSTRAINT; Schema: public; Owner: postgres
--

ALTER TABLE ONLY public.album
    ADD CONSTRAINT fkmwc4fyyxb6tfi0qba26gcf8s1 FOREIGN KEY (artist_id) REFERENCES public.artist(id) ON DELETE CASCADE;


--
-- Name: song fkrcjmk41yqj3pl3iyii40niab0; Type: FK CONSTRAINT; Schema: public; Owner: postgres
--

ALTER TABLE ONLY public.song
    ADD CONSTRAINT fkrcjmk41yqj3pl3iyii40niab0 FOREIGN KEY (album_id) REFERENCES public.album(id) ON DELETE CASCADE;


--
-- PostgreSQL database dump complete
--

